clnt_id,clnt_name
1,Michael White
2,Jason Thompson
3,Drew Logan
4,Deborah Taylor
5,Stephanie Nelson
6,Julia Johnson
7,James Baker
8,Sonya Jones
9,Abigail Patterson
10,Carlos Medina
11,David Berger
12,Molly Austin
13,Alexander Gordon
14,Joseph Ferguson
15,Marcus Rodriguez
16,Andrea Simmons
17,Robert Thompson
18,Tyler Buchanan
19,Mark Carroll
20,Jeff Ramirez
21,Richard Hamilton
22,Jennifer Parker
23,Jennifer Wood
24,Brittany Weaver
25,Alan Chapman
26,Mr. Oscar Friedman
27,Jennifer Mccormick
28,Mr. Roger Johnson
29,Kelly Johnson
30,Joel Taylor
31,Marie Garza
32,Angela Fischer
33,Rodney Owens
34,Michael Ramirez
35,Jeremy Waters
36,Samuel Wilson
37,Kathleen Butler
38,Christina Hester
39,Aaron Wilson
40,Benjamin Mcdaniel
41,Dan Edwards
42,Lynn Miller
43,Stephanie Mcconnell
44,George Morris
45,Kristina Davis
46,Jonathan Vance
47,David Bailey
48,Holly Bradley MD
49,Michael Mcdonald
50,Jessica Cordova
